Peak,Peak,%,Mass (kDa),Peptide ion,-,MS/MS-derived sequence,Conf (%),Sc,Protein family,"Related protein, code"
4,4.i,2.7,11.8,2014.9,1,AKQCLPFDYSGCGGNANR,99,13,BPTI/KUN,Delta-dendrotoxin
4,,,,1815.8,1,QCLPFDYSGCGGNANR,99,15,,D.angusticeps; P00982
4,,,,1045.6,1,KIPSFYYK,98.5,6,,
4,4.ii,,,1501.7,1,ASIPAFYYNWAAK,99,14,BPTI/KUN,Long epsilon-dendrotox.R55 D. angusticeps; Q7LZS8
5,5a,0.5,16.1,1030.5,1,PAFYYNQK,99,7,BPTI/KUN,Alpha-dendrotoxin
5,,,,1143.6,1,IPAFYYNQK,99,14,,D. angusticeps; P00980
5,,,,1709.8,1,CYDKIPAFYYNQK,99,16,,
5,,,,1356.5,1,FDWSGCGGNSNR,99,12,,
5,5b,4.3,11.7,1030.5,1,PAFYYNQK,99,11,BPTI/KUN,Alpha-dendrotoxin
5,,,,1236.6,1,LCILHR(Nda)PGR,99,10,,D.angusticeps; P00980
5,,,,1143.6,1,IPAFYYNQK,99,14,,
5,,,,1709.8,1,CYDKIPAFYYNQK,99,22,,
5,,,,1356.5,1,FDWSGCGGNSNR,99,19,,
6,6a.i,1.3,12.9,2039.9,1,SIGGVTTEDCPAGQNVCFK,99,17,3FTx,Muscarinic toxin 2
6,,,,2196,1,SIGGVTTEDCPAGQNVCFKR,99,20,3FTx,D.angusticeps; P18328
6,6a.ii,,,1253.6,1,MIWTYDGVIR,99,9,,Thrombostatin
6,6b.i,0.9,12.1,1143.6,1,IPAFYYNQK,99,11,BPTI/KUN,D. angusticeps; P81946
6,,,,1709.8,1,CYDKIPAFYYNQK,99,10,,Alpha-dendrotoxin
6,,,,1356.5,1,FDWSGCGGNSNR,99,14,,D. angusticeps; P00980
6,6b.ii,trace,,1253.6,1,MIWTYDGVIR,99,12,3FTx,Thrombostatin D. angusticeps; P81946
6,6b.iii,0.9,,2196,1,SIGGVTTEDCPAGQNVCFKR,99,11,3FTx,Muscarinic toxin 2 D. angusticeps; P18328
7,7a,0.5,16.4,1253.6,1,MIWTYDGVIR,99,7,3FTx,Thrombostatin
7,,,,,,,,,,D. angusticeps; P81946
7,7b.i,1.1,14,1557.7,1,AILTNCGENSCYR,99,10,3FTx,Dendrotoxin A (fragm)
7,,,,,,,,,,D. angusticeps; Q9PS08
7,7b.ii,,,1253.6,1,MIWTYDGVIR,99,10,3FTx,Thrombostatin
7,,,,,,,,,,D. angusticeps; P18328
7,7c.i,4.6,12,2821.2,1,LICYNQLGTKPPTTETCGDDS CYK,99,12,3FTx,Thrombostatin
7,,,,1253.6,1,MIWTYDGVIR,99,16,,D.angusticeps; P81946
7,,,,1409.7,1,MIWTYDGVIRR,98,10,,
7,7c.ii,trace,,1356.6,1,FDWSGCGGNSNR,99,11,BPTI/KUN,Alpha-dendrotoxin D. angusticeps; P00980
8,8a,3,13.7,1517.6,1,GCGCPPGDDNLEVK,99,7,3FTx,Fasciculin-2
8,,,,1304.5,1,CCTSPDKCNY,99,10,,D. angusticeps; P0C1Z0
8,,,,1344.6,1,TMCYSHTTTSR,99,10,,
8,,,,1685.8,1,AILTNCGENSCYRK,99,15,,
8,,,,1557.7,1,AILTNCGENSCYR,99,17,,
8,8b.i,3.4,11.5,2426.2,1,DTIFGITTQNCPAGQNLCFIR,99,13,3FTx,Rho-elapitoxin-Da1b D. angusticeps; P86419
8,8b.ii,,,1253.6,1,MIWTYDGVIR,97.7,6,3FTx,Thrombostatin D. angusticeps; P81946
9,9a,1.8,15.8,1507.7,1,SIGGISTEECAAGQK,99,8,3FTx,Synergistic-like protein D. angusticeps; P17696
9,9b,3.2,12.9,1557.7,1,AILTNCGENSCYR,99,12,3FTx,Fasciculin-1
9,,,,1685.8,1,AILTNCGENSCYRK,93.6,6,,D.angusticeps; P0C1Y9
9,,,,1344.6,1,TMCYSHTTTSR,50.2,4,,
9,9c.i,4.4,11,1507.7,1,SIGGISTEECAAGQK,99,6,3FTx,Synergistic-like protein
9,9c.ii,6.6,,1216.4,1,CL(Edh )FTYGGCK,99,11,BPTI/KUN,D. angusticeps; P17696 Protease inhibitor 1 Walterinnesia aegyptia; C1IC50
10,10a,0.6,15.7,1557.8,1,AILTNCGENSCYR,68.8,5,3FTx,Dendrotoxin A (fragm) D. angusticeps; Q9PS08
10,10b,1.6,12.9,1304.5,1,CCTSPDKCNY,99,9,3FTx,Fasciculin-1
10,,,,1344.6,1,TMCYSHTTTSR,99,12,,D. angusticeps; P0C1Y9
10,,,,1566.7,1,GCGCPPGDDYLEVK,99,18,,
10,,,,1685.8,1,AILTNCGENSCYRK,99,14,,
10,,,,1557.7,1,AILTNCGENSCYR,99,16,,
10,10c.i,4.6,10.8,1165.7,1,MGPKLYDVSR,99,7,3FTx,Synergistic-like protein
10,,,,1507.8,1,SIGGISTEECAAGQK,99,13,,D. angusticeps; P17696
10,10c.ii,,,1253.7,1,MIWTYDGVIR,99,7,3FTx,Thrombostatin D. angusticeps; P81946
11,11a.i,1.3,15.1,1288.7,1,EMLVAIHCCR,99,10,3FTx,Toxin F-VIII
11,,,,2035,1,GCGCPSKEMLVAIHCCR,99,11,,D. angusticeps; P01404
11,11a.ii,trace,,1356.6,1,FDWSGCGGNSNR,96.7,6,BPTI/KUN,Alpha-dendrotoxin D. angusticeps; P00980
11,11b.i,6.5,11.5,1288.7,1,EMLVAIHCCR,99,11,3FTx,Toxin F-VIII
11,,,,,,,,,,D. angusticeps; P01404
11,11b.ii,trace,,2724.4,1,VCTPVGTSGEDCHPASHKIPFSGQR,99,10,KTC,Toxin MIT1 D.polylepis; P25687
11,11b.iii,trace,,1557.8,1,AILTNCGENSCYR,99,6,3FTx,Dendrotoxin A (fragm)
11,,,,,,,,,,D. angusticeps; Q9PS08
11,11c.i,9,10.4,1288.7,1,EMLVAIHCCR,99,14,3FTx,Toxin F-VIII
11,,,,1281.6,1,EMLVAIHCCR,99,12,,D. angusticeps; P01404
11,,,,2035,1,GCGCPSKEMLVAIHCCR,99,15,,
11,11c.ii,trace,,2434.1,1,GCGCPTAMWPYQTECCKGDR,99,17,3FTx,Toxin S4C8
11,,,,,,,,,,Dendroaspis jamesoni; P25683
12,12a,1.2,15.3,1645.9,1,WQPPWYCKEPVR,80.2,5,BPTI/KUN,Kunitz-type calcicludine
12,,,,,,,,,,D. angusticeps; P81658
12,12b.i,trace,11.1,1294.7,1,GTCCAVSLWIK,99,12,KTC,Toxin MIT1
12,,,,2724.4,1,VCTPVGTSGEDCHPASHKIPFSGQR,99,13,,D.polylepis; P25687
12,,,,2209.1,1,MHHTCPCAPNLACVQTSPK,99,26,,
12,,,,2296.1,1,VCTPVGTSGEDCHPASHKIPF,91.8,6,,
12,12b.ii,3,,1441.7,1,FCYHNIGMPFR,99,11,3FTx,Mambalgin-3
12,,,,,,,,,,D. angusticeps; C0HJB0
12,12c.i,trace,10.1,1645.9,1,WQPPWYCKEPVR,99,11,BPTI/KUN,Kunitz-type calcicludine
12,,,,1669.8,1,CLPFLFSGCGGNANR,99,15,,D. angusticeps; P81658
12,,,,1797.9,1,KCLPFLFSGCGGNANR,98.7,7,,
12,12c.ii,3.5,,2034.9,1,GCGCPSKEMLVAIHCCR,99,13,3FTx,Toxin F-VIII
12,,,,1288.7,1,EMLVAIHCCR,99,14,,D. angusticeps; P01404
13,13a.i,trace,24.4,1669.8,1,CLPFLFSGCGGNANR,99,7,BPTI/KUN,Kunitz-type calcicludine
13,,,,,,,,,,D. angusticeps; P81658
13,13a.ii,0.4d,,1288.6,1,EMLVAIHCCR,99,11,3FTx,Toxin F-VIII
13,,,,,,,,,,D. angusticeps; P01404
13,13a.iii,,,1441.7,1,FCYHNIGMPFR,99,13,3FTx,Mambalgin-3
13,,,,,,,,,,D. angusticeps; C0HJB0
13,13b.i,trace,19.8,1669.8,1,CLPFLFSGCGGNANR,99,10,BPTI/KUN,Kunitz-type calcicludine
13,,,,1645.8,1,WQPPWYCKEPVR,99,9,,D. angusticeps; P81658
13,13b.ii,1.1d,,1288.6,1,EMLVAIHCCR,99,9,3FTx,Toxin F-VIII
13,13b.iii,,,2034.9,1,GCGCPSKEMLVAIHCCR,99,19,,D. angusticeps; P01404
13,,,,1441.7,1,FCYHNIGMPFR,99,15,3FTx,Mambalgin-3
13,,,,,,,,,,D. angusticeps; C0HJB0
13,13c.i,trace,15.4,1669.8,1,CLPFLFSGCGGNANR,99,13,BPTI/KUN,Kunitz-type calcicludine
13,,,,1645.8,1,WQPPWYCKEPVR,99,12,,D. angusticeps; P81658
13,13c.ii,2.9d,,2034.9,1,GCGCPSKEMLVAIHCCR,99,16,3FTx,Toxin F-VIII
13,,,,1288.6,,EMLVAIHCCR,99,9,,D. angusticeps; P01404
13,13c.iii,,,1441.7,1,FCYHNIGMPFR,99,16,3FTx,Mambalgin-3
13,,,,,,,,,,D. angusticeps; C0HJB0
14,14a,0.4,19.1,,,Negative,,,,
14,14b.i,0.1,15.4,1797.9,1,KCLPFLFSGCGGNANR,99,16,BPTI/KUN,Kunitz-type calcicludine
14,,,,1669.8,1,CLPFLFSGCGGNANR,99,17,,D. angusticeps; P81658
14,,,,1645.8,1,WQPPWYCKEPVR,99,13,,
14,,,,1164.5,1,WQPPWYCK,95.1,5,,
14,14b.ii,1.2,,2034.9,1,GCGCPSKEMLVAIHCCR,99,13,,Toxin F-VIII
14,,,,,,,,,,D. angusticeps; P01404
14,14b.iii,,,1288.6,1,EMLVAIHCCR,99,11,3FTx,Mambalgin-3
14,,,,1441.7,1,FCYHNIGMPFR,99,12,3FTx,D. angusticeps; C0HJB0
15,15a,0.1,23.5,1669.8,1,CLPFLFSGCGGNANR,99,7,3FTx,Kunitz-type calcicludine D. angusticeps; P81658
15,15b,1.1,18.3,,,Negative,,,,
15,15c.i,0.1,15,1797.9,1,KCLPFLFSGCGGNANR,99,15,BPTI/KUN,Kunitz-type calcicludine
15,,,,1669.8,1,CLPFLFSGCGGNANR,99,18,,D. angusticeps; P81658
15,,,,1645.8,1,WQPPWYCKEPVR,99,14,,
15,,,,1010.5,1,FQTIGECR,95.4,9,,
15,,,,1164.5,1,WQPPWYCK,86.5,5,,
15,15c.ii,1.1,,2034.9,1,GCGCPSKEMLVAIHCCR,99,7,3FTx,Toxin F-VIII
15,,,,,,,,,,D. angusticeps; P01404
15,,,,1288.6,1,EMLVAIHCCR,99,15,,
15,15c.iii,,,1441.7,1,FCYHNIGMPFR,99,13,3FTx,Mambalgin-3
15,,,,,,,,,,D. angusticeps; C0HJB0
16,16a,trace,21.2,1097.6,1,NPNPVPSGCR,99,6,NGF,Uncharact.prot (frag) Ophiophagus hannah; V8NP13
16,,,,1781.9,1,HWNSYCTTTHTFVK,99,20,,
16,,,,1413.7,1,CRNPNPVPSGCR,80.7,9,,
16,,0.1,,996.6,1,WYYIVPR,98.6,9,3FTx,
16,,,,2197.1,1,YSDITWGCAATCPKPTNVR,65.7,6,,Muscarinic toxin 4 D. angusticeps; Q9PSN1
16,16b.i,0.5d,18.5,996.6,1,WYYIVPR,99,10,3FTx,Muscarinic toxin 4
16,,,,2197.1,1,YSDITWGCAATCPKPTNVR,97.7,8,,D. angusticeps; Q9PSN1
16,16b.ii,,,1288.7,1,EMLVAIHCCR,99,9,3FTx,Toxin F-VIII
16,,,,,,,,,,D. angusticeps; P01404
16,16b.iii,trace,,1669.8,1,CLPFLFSGCGGNANR,99,6,BPTI/KUN,Kunitz-type calcicludine
16,,,,,,,,,,D. angusticeps; P81658
16,16c.,1,16.2,2358.2,1,SIFGITTEDCPDGQNLCFKR,99,13,3FTx,Toxin AdTx1
16,i,,,2197.1,1,SIFGITTEDCPDGQNLCFK,99,17,,D. angusticeps; P85092
16,,,,2253,1,GCAATCPIPENYDSIHCCK,99,21,,
16,16c.ii,,,2329.2,1,SIFGITTENCPDGQNLCFKK,99,14,3FTx,Muscarinic toxin 4
16,,,,1124.7,1,KWYYIVPR,99,9,,D. angusticeps; Q9PSN1
16,16c.iii,,,1291.7,1,NIWTFDNIIR,97,8,3FTx,Dendroaspin
16,,,,996.6,1,WYYIVPR,93,10,,D.jamesoni; P28375
16,16d,1.4,15,2329.2,1,SIFGITTENCPDGQNLCFKK,99,18,3FTx,Muscarinic toxin 4
16,,,,1124.7,1,KWYYIVPR,99,11,,D. angusticeps; Q9PSN1
16,,,,2197.1,1,YSDITWGCAATCPKPTNVR,99,24,,
16,,trace,,996.6,1,WYYIVPR,98.6,10,,
16,,,,1669.8,1,CLPFLFSGCGGNANR,99,11,BPTI/KUN,Kunitz-type calcicludine
16,,,,1645.9,1,WQPPWYCKEPVR,98.5,9,,D. angusticeps; P81658
17,17a.i,trace,21.5,1097.6,1,NPNPVPSGCR,99,8,NGF,Uncharact.prot (frag)
17,,,,1413.7,1,CRNPNPVPSGCR,99,11,,O.hannah; V8NP13
17,,,,1709.9,1,FIRIDTACVCVISR,99,8,,
17,,,,1781.9,1,HWNSYCTTTHTFVK,99,15,,
17,17a.ii,0.2,,1288.7,1,EMLVAIHCCR,99,9,3FTx,Toxin F-VIII
17,,,,,,,,,,D. angusticeps; P01404
17,17b,1.4,15.4,2197.1,1,YSDITWGCAATCPKPTNVR,99,16,3FTx,Muscarinic toxin 4
17,,,,996.6,1,WYYIVPR,98.9,10,,D. angusticeps; Q9PSN1
18,18a,2,18,,,Negative,,,,
18,18b,1.4,16.1,2197.1,1,SIFGITTEDCPDGQNLCFK,99,11,3FTx,Toxin AdTx1
18,,,,,,,,,,D. angusticeps; P85092
19,19,1,15.4,1390.7,1,GCGCPLTLPFLR,99,10,3FTx,Toxin C13S1C1 D. angusticeps; P18329
20,20a.i,0.1,57.4,2053,1,TKPAYQFSSCSVQEHQR,99,10,MP,SVMP 1
20,,,,1256.7,1,VTL(Dna)LFGKWR,99,14,MP,Micrurus fulvius; U3EPC7
20,,,,,,,,,,SVMP-Hop-13 (Frag)
20,20a.ii,,,1297.6,1,SAECPTDSFQR,99,9,,Hoplocephalus bungaroides; R4G7J1
20,20b,0.1,19.9,1346.6,1,TCEENSCYKR,99,11,3FTx,Toxin C13S1C1
20,,,,1319.9,1,SLPKIPLIIIGR,99,15,,D. angusticeps; P18329
20,,,,1390.7,1,GCGCPLTLPFLR,99,12,,
20,,,,1333.7,1,CGCPLTLPFLR,96.4,8,,
20,20c,0.5,16.1,1333.7,1,CGCPLTLPFLR,99,11,3FTx,Toxin C13S1C1
20,,,,1390.7,1,GCGCPLTLPFLR,99,13,,D. angusticeps; P18329
20,,,,1346.6,1,TCEENSCYKR,99,13,,
20,,,,1319.9,1,SLPKIPLIIIGR,99,16,,
20,20d,0.7,15.2,1346.6,1,TCEENSCYKR,99,10,3FTx,Toxin C13S1C1
20,,,,1319.9,1,SLPKIPLIIIGR,99,15,,D. angusticeps; P18329
20,,,,1390.7,1,GCGCPLTLPFLR,99,12,,
21,21,2.1,29.9,2551.3,1,YLYVCQYCPAGNIIGSIATPYK,99,14,CRISP,CRiSP Micropechis ikaheka; A0A024AX20
21,,,,1193.7,1,QIVDKHNALR,99,10,,
21,,,,1349.8,1,QIVDKHNALRR,62.1,7,,
21,,,,1537.7,,NMLQMEWNSDAAQ,99,21,,
22,22.i,1.1,70.7,1234.7,1,VTLNLFGEWR,99,12,MP,SVMP Macrovipera lebetina;Q98995
22,22.ii,,,2053.9,1,TKPAYQFSSCSVQEHQR,99,11,MP,SVMP 1 M. fulvius U3EPC7
22,22.iii,,,1508.9,1,RNPQCILNKPLR,99,11,MP,SVMP
23,23a.i,0.6,69.5,1234.7,1,VTLNLFGEWR,99,10,MP,SVMP Echis coloratus; E9JG68
23,23a.ii,,,1508.8,1,NRPQCLLNKPLR,99,13,MP,SVMP Bothrops erythromelas; Q8UVG0
23,23b,0.3,51.3,1256.7,1,VTL(Dna)LFGKWR,99,13,MP,SVMP 1
23,,,,2053,1,TKPAYQFSSCSVQEHQR,99,12,,M. fulvius U3EPC7
24,24a.i,0.3,74.4,1967,1,KYIEFYVVVDNKMYR,99,9,MP,Scutatease-1
24,,,,1838.9,1,YIEFYVVVDNKMYR,96,6,,Notechis scutatus; B5KFV7
24,24a.ii,,,1508.9,1,RNPQCILNKPLR,99,13,MP,SVMP ussurin Gloydius ussuriensis;Q7SZD9
24,24a.iii,,,2053.1,1,TKPAYQFSSCSVQEHQR,97.7,7,MP,SVMP 1
24,,,,,,,,,,M. fulvius; U3EPC7
24,24b,0.9,50,1256.7,1,VTL(Dna)LFGKWR TKPAYQFSSCSVQEHQR,99,14,MP,SVMP 1
24,,,,2053,1,,99,14,,M. fulvius; U3EPC7
25,25a.i,0.6,71.9,1881.8,1,NGHPCQNNQGYCYNR,99,14,MP,SVMP-Hop-50 (Fragm) H.bungaroides R4G7I9
25,25a.ii,,,1852.9,1,TDIVSPPVCGNYFVEVG,99,15,MP,SVMP Ovophis okinavensis;U3TBS9
25,25a.iii,,,1087.6,1,EHQEYLLR,99,10,MP,SVMP atrase-A. Naja atra; D5LMJ3
25,25b.i,0.2,52.2,1118.6,1,LVLNTFQAGR,99,10,GAL,Galectin (Frag)
25,,,,,,,,,,O.hannah; V8NHB1
25,,,,2053,1,TKPAYQFSSCSVQEHQR,99,9,MP,SVMP 1
25,25b.ii,,,1256.7,1,VTL(Dna)LFGKWR,98.5,8,,M. fulvius; U3EPC7
25,25c,0.5,22.5,,,Negative,,,,
26,26a.i,0.2,70.1,2009.9,1,NGHPCQNNQGYCYNRK,99,9,MP,SVMP-Hop-50 (Fragm)
26,,,,1881.8,1,NGHPCQNNQGYCYNR,99,14,,H.bungaroides; R4G7I9
26,,,,,,,,,,SVMP
26,26a.ii,,,1852.9,1,TDIVSPPVCGNYFVEVG,99,16,MP,Ovophis okinavensis;U3TBS9
26,,,,,,,,,,SVMP-Hem-2 (Frag)
26,26a.iii,,,1607.9,1,GATVGLAYVGSLC(Nda)PK,99,15,MP,Hemiaspis signata; R4G2W9
26,26b,0.2,54.4,2412.2,1,TFHGLGVIDWENWRPQWDR,99,12,HYA,Hyaluronidase
26,,,,,,,,,,M. fulvius; U3FYQ4
26,,,,1904,1,HSDSNAFLHLFPESFR,99,12,,
26,,,,2032,1,KHSDSNAFLHLFPESFR,99,11,,
26,,,,1243.7,1,NDQLIWLWR,99,11,,
26,Empty Cell,,,2780.4,1,APMYPNEPFLVFWNAPTTQCQLR,99,17,HYA,Hyaluronidase
26,,,,,,,,,,O.hannah; V8P1Z9
26,26c.i,0.6,39.3,1811.9,1,YIEFYVVVDNEMYK,99,12,MP,SVMP-Sut-51 (Frag)
26,,,,,,,,,,Suta fasciata; R4FIX4
26,26c.ii,,,1234.7,1,VTLNLFGEWR,99,11,MP,SVMP
26,,,,,,,,,,Echis coloratus; E9JG68
26,26d.i,0.3,35.9,1759.9,1,VYEMVNALNTMYRR,99,9,MP,SVMP mocarhagin
26,,,,,,,,,,Naja mossambica; Q10749
26,26d.ii,,,1811.9,1,YIEFYVVVDNEMYK,99,12,MP,SVMP-Sut-51 (Frag)
26,,,,,,,,,,Suta fasciata; R4FIX4
26,26d.iii,,,1234.7,1,VTLNLFGEWR,99,9,MP,SVMP
26,,,,,,,,,,Echis coloratus; E9JG68
26,26e,0.1,22.8,1118.7,1,LVLNTFQAGR,99,12,GAL,Galectin (Frag)
26,,,,1026.5,1,WGDEQVH(Kfo),98.3,12,,O.hannah; V8NHB1
26,26f,0.1,21.1,1118.6,1,LVLNTFQAGR,99,12,GAL,Galectin (Frag)
26,,,,,,,,,,O.hannah; V8NHB1
27,27a.i,1,78,1838.9,1,YIEFYVVVDNKMYR,99,8,MP,Scutatease-1
27,,,,1967,1,KYIEFYVVVDNKMYR,99,7,MP,Notechis scutatus; B5KFV7
27,27a.ii,,,3059.3,1,(Aca)AKDDCDLPEICTG(Qda)SAECPMDSFQR,99,13,,SVMP-Ver17 (Frag) Vermicella annulata; R4FIY6
27,27b,0.1,57.2,1462.8,1,TQEL(Pox)SILFSVGR,99,9,MP,Endoplasmic ret. aminopeptidase 1-like protein Crotalus horridus. T1E6L9
27,27c,0.1,45.9,1605.8,1,SFG(Ddh)(Wdi)RETDLLPR,99,12,MP,SVMP man
27,,,,1234.7,1,VTLNLFGEWR,68.9,6,,SVMP
27,,,,,,,,,,Echis coloratus; E9JG68
27,27d,0.1,42.4,1605.8,1,SFG(Ddh)(Wdi)RETDLLPR,99,10,MP,SVMP man
28,28i,0.5,48.8,1297.6,1,SAECPTDSFQR,99,10,MP,SVMP Australease-1
28,,,,,,,,,,Pseudechis australis; B5KFV3
28,28ii,,,2191,1,(RTdh)KPAYQFSSCSVQEHQR,99,18,MP,SVMP 1
28,,,,,,,,,,M. fulvius U3EPC7
28,28iii,,,2432.1,1,(Nda)LVVAVI(Mdt)A(Hox)EMGHNLGIHHDR,99,10,MP,SVMP man
29,29,0.9,–, –,–,–, –,–,Unknown,–